filename,status,taric_code,confidence,model_version,backend_status,error_message,raw_response_json
02747c7e-0a61-463b-a101-5e6f5388ece5.jpg.webp,error,,,,,"Backend-Fehler für 02747c7e-0a61-463b-a101-5e6f5388ece5.jpg.webp: Status 404 - {""detail"":""Not Found""}",
02cac0f4ac3f48c7be5b23bff448f33f-goods.jpeg.webp,error,,,,,"Backend-Fehler für 02cac0f4ac3f48c7be5b23bff448f33f-goods.jpeg.webp: Status 404 - {""detail"":""Not Found""}",
08facdf4-8cc3-4511-bc53-8df0f3f21a8d.jpg.webp,error,,,,,"Backend-Fehler für 08facdf4-8cc3-4511-bc53-8df0f3f21a8d.jpg.webp: Status 404 - {""detail"":""Not Found""}",
0a032334-3000-46fb-8aa9-53d08b5b0bc2.jpg.webp,error,,,,,"Backend-Fehler für 0a032334-3000-46fb-8aa9-53d08b5b0bc2.jpg.webp: Status 404 - {""detail"":""Not Found""}",
0bcaa7bb03af437796a07f3fa7d9b2b1.jpg.webp,error,,,,,"Backend-Fehler für 0bcaa7bb03af437796a07f3fa7d9b2b1.jpg.webp: Status 404 - {""detail"":""Not Found""}",
0d3dde6d-ba50-4839-bc53-7efe1614c43c.jpg.webp,error,,,,,"Backend-Fehler für 0d3dde6d-ba50-4839-bc53-7efe1614c43c.jpg.webp: Status 404 - {""detail"":""Not Found""}",
0e440f20fd032f5784527ef292b57b53.jpg.webp,error,,,,,"Backend-Fehler für 0e440f20fd032f5784527ef292b57b53.jpg.webp: Status 404 - {""detail"":""Not Found""}",
13271cd5112f421688b6ac5ebb5dd976-goods.jpeg.webp,error,,,,,"Backend-Fehler für 13271cd5112f421688b6ac5ebb5dd976-goods.jpeg.webp: Status 404 - {""detail"":""Not Found""}",
15-10.webp,error,,,,,"Backend-Fehler für 15-10.webp: Status 404 - {""detail"":""Not Found""}",
15-11.webp,error,,,,,"Backend-Fehler für 15-11.webp: Status 404 - {""detail"":""Not Found""}",
15-12.webp,error,,,,,"Backend-Fehler für 15-12.webp: Status 404 - {""detail"":""Not Found""}",
15-13.webp,error,,,,,"Backend-Fehler für 15-13.webp: Status 404 - {""detail"":""Not Found""}",
15-14.webp,error,,,,,"Backend-Fehler für 15-14.webp: Status 404 - {""detail"":""Not Found""}",
15-15.webp,error,,,,,"Backend-Fehler für 15-15.webp: Status 404 - {""detail"":""Not Found""}",
15-16.webp,error,,,,,"Backend-Fehler für 15-16.webp: Status 404 - {""detail"":""Not Found""}",
15-17.webp,error,,,,,"Backend-Fehler für 15-17.webp: Status 404 - {""detail"":""Not Found""}",
15-18.webp,error,,,,,"Backend-Fehler für 15-18.webp: Status 404 - {""detail"":""Not Found""}",
15-19.webp,error,,,,,"Backend-Fehler für 15-19.webp: Status 404 - {""detail"":""Not Found""}",
15-2.webp,error,,,,,"Backend-Fehler für 15-2.webp: Status 404 - {""detail"":""Not Found""}",
15-3.webp,error,,,,,"Backend-Fehler für 15-3.webp: Status 404 - {""detail"":""Not Found""}",
15-4.webp,error,,,,,"Backend-Fehler für 15-4.webp: Status 404 - {""detail"":""Not Found""}",
15-5.webp,error,,,,,"Backend-Fehler für 15-5.webp: Status 404 - {""detail"":""Not Found""}",
15-6.webp,error,,,,,"Backend-Fehler für 15-6.webp: Status 404 - {""detail"":""Not Found""}",
15-8.webp,error,,,,,"Backend-Fehler für 15-8.webp: Status 404 - {""detail"":""Not Found""}",
15-9.webp,error,,,,,"Backend-Fehler für 15-9.webp: Status 404 - {""detail"":""Not Found""}",
15.webp,error,,,,,"Backend-Fehler für 15.webp: Status 404 - {""detail"":""Not Found""}",
1712753505382-27f83ff43a3f480588681de5e46c3ca9-goods.jpeg.webp,error,,,,,"Backend-Fehler für 1712753505382-27f83ff43a3f480588681de5e46c3ca9-goods.jpeg.webp: Status 404 - {""detail"":""Not Found""}",
1d377f07-7d2f-454f-9f83-55b1860f1330.jpg.webp,error,,,,,"Backend-Fehler für 1d377f07-7d2f-454f-9f83-55b1860f1330.jpg.webp: Status 404 - {""detail"":""Not Found""}",
213ee5c91aec4ba3945657eaf060ccf7-goods.jpeg.webp,error,,,,,"Backend-Fehler für 213ee5c91aec4ba3945657eaf060ccf7-goods.jpeg.webp: Status 404 - {""detail"":""Not Found""}",
21efaeb96bf3334b8e49369e9499c6c2.jpg.webp,error,,,,,"Backend-Fehler für 21efaeb96bf3334b8e49369e9499c6c2.jpg.webp: Status 404 - {""detail"":""Not Found""}",
27c54b6e-0ca3-4120-baeb-6ff162c77d3f.jpg.webp,error,,,,,"Backend-Fehler für 27c54b6e-0ca3-4120-baeb-6ff162c77d3f.jpg.webp: Status 404 - {""detail"":""Not Found""}",
2e73f1c04e764030a0f299fafd39d287.jpg.webp,error,,,,,"Backend-Fehler für 2e73f1c04e764030a0f299fafd39d287.jpg.webp: Status 404 - {""detail"":""Not Found""}",
2f6edd9b-296d-407a-a224-c26d3ad20694_1500x1500.jpeg.format.jpg.webp,error,,,,,"Backend-Fehler für 2f6edd9b-296d-407a-a224-c26d3ad20694_1500x1500.jpeg.format.jpg.webp: Status 404 - {""detail"":""Not Found""}",
2f76037f-dc03-43f3-83f8-00c8a4a95fa0.jpg.webp,error,,,,,"Backend-Fehler für 2f76037f-dc03-43f3-83f8-00c8a4a95fa0.jpg.webp: Status 404 - {""detail"":""Not Found""}",
339c6ff9ff004988a583c5f8c7a3e20a-goods.jpeg.webp,error,,,,,"Backend-Fehler für 339c6ff9ff004988a583c5f8c7a3e20a-goods.jpeg.webp: Status 404 - {""detail"":""Not Found""}",
3789a185-fca5-46f3-9205-002d796ef617.jpg.webp,error,,,,,"Backend-Fehler für 3789a185-fca5-46f3-9205-002d796ef617.jpg.webp: Status 404 - {""detail"":""Not Found""}",
388c1a65-6bc6-4ac6-9e0e-14b23944bc4c.jpg.webp,error,,,,,"Backend-Fehler für 388c1a65-6bc6-4ac6-9e0e-14b23944bc4c.jpg.webp: Status 404 - {""detail"":""Not Found""}",
3972e258-2a95-4607-b5f9-b73c6b5f77d4_1924x1924.jpeg.format.jpg.webp,error,,,,,"Backend-Fehler für 3972e258-2a95-4607-b5f9-b73c6b5f77d4_1924x1924.jpeg.format.jpg.webp: Status 404 - {""detail"":""Not Found""}",
39f4163f-5704-4a3e-a47f-38facd15e374.jpeg.webp,error,,,,,"Backend-Fehler für 39f4163f-5704-4a3e-a47f-38facd15e374.jpeg.webp: Status 404 - {""detail"":""Not Found""}",
3b3c2c9727064bd2a500aefaf39f6ffd-goods.jpeg.webp,error,,,,,"Backend-Fehler für 3b3c2c9727064bd2a500aefaf39f6ffd-goods.jpeg.webp: Status 404 - {""detail"":""Not Found""}",
3b53dedf-98c5-4497-a188-2651cf319fa5.jpg.webp,error,,,,,"Backend-Fehler für 3b53dedf-98c5-4497-a188-2651cf319fa5.jpg.webp: Status 404 - {""detail"":""Not Found""}",
3e01bbed-2a35-4b02-bf47-a503eec46cf9.jpeg.webp,error,,,,,"Backend-Fehler für 3e01bbed-2a35-4b02-bf47-a503eec46cf9.jpeg.webp: Status 404 - {""detail"":""Not Found""}",
407e9585b8cd4f348bcd570710f7aa5b.jpg.webp,error,,,,,"Backend-Fehler für 407e9585b8cd4f348bcd570710f7aa5b.jpg.webp: Status 404 - {""detail"":""Not Found""}",
40f37024316d4cac8646f57d822cf1b5.jpg.webp,error,,,,,"Backend-Fehler für 40f37024316d4cac8646f57d822cf1b5.jpg.webp: Status 404 - {""detail"":""Not Found""}",
419a76cc-39c4-411f-9c11-e5a4738f7b83.jpg.webp,error,,,,,"Backend-Fehler für 419a76cc-39c4-411f-9c11-e5a4738f7b83.jpg.webp: Status 404 - {""detail"":""Not Found""}",
45175d3b-25a1-46c3-8df5-5f2442ab3bea_1924x1924.jpeg.format.jpg.webp,error,,,,,"Backend-Fehler für 45175d3b-25a1-46c3-8df5-5f2442ab3bea_1924x1924.jpeg.format.jpg.webp: Status 404 - {""detail"":""Not Found""}",
483aaf84-5b0e-49bf-bc1f-2c15596ccfd3.jpg.webp,error,,,,,"Backend-Fehler für 483aaf84-5b0e-49bf-bc1f-2c15596ccfd3.jpg.webp: Status 404 - {""detail"":""Not Found""}",
488dd4c0-e603-494f-b55b-49f4dff6cd7d.jpg.webp,error,,,,,"Backend-Fehler für 488dd4c0-e603-494f-b55b-49f4dff6cd7d.jpg.webp: Status 404 - {""detail"":""Not Found""}",
48c9258791e64d129d4e620cea37f64b.jpg.webp,error,,,,,"Backend-Fehler für 48c9258791e64d129d4e620cea37f64b.jpg.webp: Status 404 - {""detail"":""Not Found""}",
50e90586-9888-4a0b-bd21-5212dfea3b65_1500x1500.jpeg.format.jpg.webp,error,,,,,"Backend-Fehler für 50e90586-9888-4a0b-bd21-5212dfea3b65_1500x1500.jpeg.format.jpg.webp: Status 404 - {""detail"":""Not Found""}",
51a60754-fd94-45a8-a93e-7ba99a699a54.jpg.webp,error,,,,,"Backend-Fehler für 51a60754-fd94-45a8-a93e-7ba99a699a54.jpg.webp: Status 404 - {""detail"":""Not Found""}",
51d1d95c-cc2a-42de-9564-19e8cbe25de9.jpg.webp,error,,,,,"Backend-Fehler für 51d1d95c-cc2a-42de-9564-19e8cbe25de9.jpg.webp: Status 404 - {""detail"":""Not Found""}",
52f31e842b61488cb60bbc9eec232747.png.webp,error,,,,,"Backend-Fehler für 52f31e842b61488cb60bbc9eec232747.png.webp: Status 404 - {""detail"":""Not Found""}",
535923f6-825b-4d91-ab7f-32989d6a6420.jpg.webp,error,,,,,"Backend-Fehler für 535923f6-825b-4d91-ab7f-32989d6a6420.jpg.webp: Status 404 - {""detail"":""Not Found""}",
535fa801-c5fb-4927-bfa2-3dcc022ce048.jpg.webp,error,,,,,"Backend-Fehler für 535fa801-c5fb-4927-bfa2-3dcc022ce048.jpg.webp: Status 404 - {""detail"":""Not Found""}",
551c9b21-fd6f-4716-964b-116dddbdc9ba.jpg.webp,error,,,,,"Backend-Fehler für 551c9b21-fd6f-4716-964b-116dddbdc9ba.jpg.webp: Status 404 - {""detail"":""Not Found""}",
58670b4d-a300-4458-a410-86a48ed4ea34_1500x1500.jpeg.format.jpg.webp,error,,,,,"Backend-Fehler für 58670b4d-a300-4458-a410-86a48ed4ea34_1500x1500.jpeg.format.jpg.webp: Status 404 - {""detail"":""Not Found""}",
5e54343e6f344fbdb6dfc9c65b370990-goods.jpeg.webp,error,,,,,"Backend-Fehler für 5e54343e6f344fbdb6dfc9c65b370990-goods.jpeg.webp: Status 404 - {""detail"":""Not Found""}",
5e8e174f-8a0e-4a73-b158-a103e40fb32e.jpg.webp,error,,,,,"Backend-Fehler für 5e8e174f-8a0e-4a73-b158-a103e40fb32e.jpg.webp: Status 404 - {""detail"":""Not Found""}",
654913c725a31dc42c887d1a13efe96d_1752053597102.jpg.webp,error,,,,,"Backend-Fehler für 654913c725a31dc42c887d1a13efe96d_1752053597102.jpg.webp: Status 404 - {""detail"":""Not Found""}",
6abec2498967351fc11c54662f38734c.jpeg.webp,error,,,,,"Backend-Fehler für 6abec2498967351fc11c54662f38734c.jpeg.webp: Status 404 - {""detail"":""Not Found""}",
6b051562927249f2ae792d57efa85766-goods.jpeg.webp,error,,,,,"Backend-Fehler für 6b051562927249f2ae792d57efa85766-goods.jpeg.webp: Status 404 - {""detail"":""Not Found""}",
6b758f91-3af9-4cba-810e-f4b8861cd535_800x800.jpeg.webp,error,,,,,"Backend-Fehler für 6b758f91-3af9-4cba-810e-f4b8861cd535_800x800.jpeg.webp: Status 404 - {""detail"":""Not Found""}",
6eb3c697f27b4e45abb79591e3d11254.jpg.webp,error,,,,,"Backend-Fehler für 6eb3c697f27b4e45abb79591e3d11254.jpg.webp: Status 404 - {""detail"":""Not Found""}",
6f9fd9e9b823444f97a90abcf85af957-goods.jpeg.webp,error,,,,,"Backend-Fehler für 6f9fd9e9b823444f97a90abcf85af957-goods.jpeg.webp: Status 404 - {""detail"":""Not Found""}",
71754d14-6dcc-4d53-995b-6383dc814e53.jpg.webp,error,,,,,"Backend-Fehler für 71754d14-6dcc-4d53-995b-6383dc814e53.jpg.webp: Status 404 - {""detail"":""Not Found""}",
73d4e504-aa6d-4f7d-acbc-1af6c9d66f60_2985x2985.jpeg.format.jpg.webp,error,,,,,"Backend-Fehler für 73d4e504-aa6d-4f7d-acbc-1af6c9d66f60_2985x2985.jpeg.format.jpg.webp: Status 404 - {""detail"":""Not Found""}",
74544d6b-355d-422a-a5ae-2f1bb0396c66.jpg.webp,error,,,,,"Backend-Fehler für 74544d6b-355d-422a-a5ae-2f1bb0396c66.jpg.webp: Status 404 - {""detail"":""Not Found""}",
75e0ab33-ead5-4291-a443-3f393e43a5a0.jpg.webp,error,,,,,"Backend-Fehler für 75e0ab33-ead5-4291-a443-3f393e43a5a0.jpg.webp: Status 404 - {""detail"":""Not Found""}",
7773019b-af54-4cd7-bd55-196b86afa243_1500x1500.jpeg.format.jpg.webp,error,,,,,"Backend-Fehler für 7773019b-af54-4cd7-bd55-196b86afa243_1500x1500.jpeg.format.jpg.webp: Status 404 - {""detail"":""Not Found""}",
778aec86-4bf2-11f0-b4c0-0a580a6328b6.jpg.webp,error,,,,,"Backend-Fehler für 778aec86-4bf2-11f0-b4c0-0a580a6328b6.jpg.webp: Status 404 - {""detail"":""Not Found""}",
779a663a-6492-40bf-a48c-056afb3460f9.jpg.webp,error,,,,,"Backend-Fehler für 779a663a-6492-40bf-a48c-056afb3460f9.jpg.webp: Status 404 - {""detail"":""Not Found""}",
7ac7d611fdaffd70129c48a37beacad8.jpg.webp,error,,,,,"Backend-Fehler für 7ac7d611fdaffd70129c48a37beacad8.jpg.webp: Status 404 - {""detail"":""Not Found""}",
7b133ad1-eacf-4be7-8706-3dad3ed99f6e.jpg.webp,error,,,,,"Backend-Fehler für 7b133ad1-eacf-4be7-8706-3dad3ed99f6e.jpg.webp: Status 404 - {""detail"":""Not Found""}",
7bd16421-6ac0-46aa-893f-ca3b57090c85.jpg.webp,error,,,,,"Backend-Fehler für 7bd16421-6ac0-46aa-893f-ca3b57090c85.jpg.webp: Status 404 - {""detail"":""Not Found""}",
7e6c23cb710fbf3bc1e87d6d90ca7736.jpg.webp,error,,,,,"Backend-Fehler für 7e6c23cb710fbf3bc1e87d6d90ca7736.jpg.webp: Status 404 - {""detail"":""Not Found""}",
81090f74-13d1-48e9-a216-45279f8efba8.jpg.webp,error,,,,,"Backend-Fehler für 81090f74-13d1-48e9-a216-45279f8efba8.jpg.webp: Status 404 - {""detail"":""Not Found""}",
83e5c57ac4da4f87a4923b9ffc60bd9f.jpg.webp,error,,,,,"Backend-Fehler für 83e5c57ac4da4f87a4923b9ffc60bd9f.jpg.webp: Status 404 - {""detail"":""Not Found""}",
852d82c7-2c15-4662-82cc-d16602e60608.jpg.webp,error,,,,,"Backend-Fehler für 852d82c7-2c15-4662-82cc-d16602e60608.jpg.webp: Status 404 - {""detail"":""Not Found""}",
860d9eceff8648278f6c0bd78ad0d686.jpg.webp,error,,,,,"Backend-Fehler für 860d9eceff8648278f6c0bd78ad0d686.jpg.webp: Status 404 - {""detail"":""Not Found""}",
861dbb2b-b5d6-468a-b336-230d0b2343f2.jpg.webp,error,,,,,"Backend-Fehler für 861dbb2b-b5d6-468a-b336-230d0b2343f2.jpg.webp: Status 404 - {""detail"":""Not Found""}",
8621830f1b0a6b2f83d88d10235df83e.jpeg.webp,error,,,,,"Backend-Fehler für 8621830f1b0a6b2f83d88d10235df83e.jpeg.webp: Status 404 - {""detail"":""Not Found""}",
87300b4b-e5eb-423a-b21b-7db161e54d5a_1251x1251.jpeg.format.jpg.webp,error,,,,,"Backend-Fehler für 87300b4b-e5eb-423a-b21b-7db161e54d5a_1251x1251.jpeg.format.jpg.webp: Status 404 - {""detail"":""Not Found""}",
88784ef0-d06b-48ad-a3b6-0f129d69c0fa.jpg.webp,error,,,,,"Backend-Fehler für 88784ef0-d06b-48ad-a3b6-0f129d69c0fa.jpg.webp: Status 404 - {""detail"":""Not Found""}",
8e66a32a9f1d409c9c888c26d2d8f712.jpg.webp,error,,,,,"Backend-Fehler für 8e66a32a9f1d409c9c888c26d2d8f712.jpg.webp: Status 404 - {""detail"":""Not Found""}",
93475b48076d40a190dddb11fd1eb6c4.jpg.webp,error,,,,,"Backend-Fehler für 93475b48076d40a190dddb11fd1eb6c4.jpg.webp: Status 404 - {""detail"":""Not Found""}",
9505cf22-cbc2-4d5b-a61b-9c905b8df2ae.jpg.webp,error,,,,,"Backend-Fehler für 9505cf22-cbc2-4d5b-a61b-9c905b8df2ae.jpg.webp: Status 404 - {""detail"":""Not Found""}",
9644e37e-97c4-4253-b266-0c43d716c63f_3000x3000.jpeg.format.jpg.webp,error,,,,,"Backend-Fehler für 9644e37e-97c4-4253-b266-0c43d716c63f_3000x3000.jpeg.format.jpg.webp: Status 404 - {""detail"":""Not Found""}",
9729114c-6fe5-4dc6-801b-0533b1a32eb8_2985x2985.jpeg.format.jpg.webp,error,,,,,"Backend-Fehler für 9729114c-6fe5-4dc6-801b-0533b1a32eb8_2985x2985.jpeg.format.jpg.webp: Status 404 - {""detail"":""Not Found""}",
9772cb4412e3288440c624dba3e2c343.jpeg.webp,error,,,,,"Backend-Fehler für 9772cb4412e3288440c624dba3e2c343.jpeg.webp: Status 404 - {""detail"":""Not Found""}",
979d25aad82244ef9e022bcb75d0844e-goods.jpeg.webp,error,,,,,"Backend-Fehler für 979d25aad82244ef9e022bcb75d0844e-goods.jpeg.webp: Status 404 - {""detail"":""Not Found""}",
987844d9-a49f-421b-a9ee-60817c7444ce.jpg.webp,error,,,,,"Backend-Fehler für 987844d9-a49f-421b-a9ee-60817c7444ce.jpg.webp: Status 404 - {""detail"":""Not Found""}",
9f97a89f-0cea-49b2-80f0-dd68978800a6.jpg.webp,error,,,,,"Backend-Fehler für 9f97a89f-0cea-49b2-80f0-dd68978800a6.jpg.webp: Status 404 - {""detail"":""Not Found""}",
a0914bde-9a1d-443c-8a87-5f02d8b68e83.jpg.webp,error,,,,,"Backend-Fehler für a0914bde-9a1d-443c-8a87-5f02d8b68e83.jpg.webp: Status 404 - {""detail"":""Not Found""}",
a1e9771893a14afda690774640efb4f8-goods.jpeg.webp,error,,,,,"Backend-Fehler für a1e9771893a14afda690774640efb4f8-goods.jpeg.webp: Status 404 - {""detail"":""Not Found""}",
a66060b6-bb14-48b2-89ac-59da85a18110_1500x1500.jpeg.format.jpg.webp,error,,,,,"Backend-Fehler für a66060b6-bb14-48b2-89ac-59da85a18110_1500x1500.jpeg.format.jpg.webp: Status 404 - {""detail"":""Not Found""}",
ac004f9e6ade4e219a954ee97ac99b8e-goods.jpeg.webp,error,,,,,"Backend-Fehler für ac004f9e6ade4e219a954ee97ac99b8e-goods.jpeg.webp: Status 404 - {""detail"":""Not Found""}",
ac33709127156a62486b514c04fd8370.jpeg.webp,error,,,,,"Backend-Fehler für ac33709127156a62486b514c04fd8370.jpeg.webp: Status 404 - {""detail"":""Not Found""}",
ad5a1d1acd40461ab4801b634d2e8738-goods.jpeg.webp,error,,,,,"Backend-Fehler für ad5a1d1acd40461ab4801b634d2e8738-goods.jpeg.webp: Status 404 - {""detail"":""Not Found""}",
afb304b2cb2440c090f7e6b67dc152bf-goods.jpeg.webp,error,,,,,"Backend-Fehler für afb304b2cb2440c090f7e6b67dc152bf-goods.jpeg.webp: Status 404 - {""detail"":""Not Found""}",
b2d481be-3c4c-42e9-82d2-60d0639c308d.jpg.webp,error,,,,,"Backend-Fehler für b2d481be-3c4c-42e9-82d2-60d0639c308d.jpg.webp: Status 404 - {""detail"":""Not Found""}",
b427bbbc809e53e514275ab972261a6c.jpeg.webp,error,,,,,"Backend-Fehler für b427bbbc809e53e514275ab972261a6c.jpeg.webp: Status 404 - {""detail"":""Not Found""}",
b7d11b22-7a3b-408f-bf18-456135a082f4_1500x1500.jpeg.format.jpg.webp,error,,,,,"Backend-Fehler für b7d11b22-7a3b-408f-bf18-456135a082f4_1500x1500.jpeg.format.jpg.webp: Status 404 - {""detail"":""Not Found""}",
bbdfea2b-c531-49b1-8145-1b1de7229539.jpg.webp,error,,,,,"Backend-Fehler für bbdfea2b-c531-49b1-8145-1b1de7229539.jpg.webp: Status 404 - {""detail"":""Not Found""}",
bfd293bc984446839cf1ff02289068c2.jpg.webp,error,,,,,"Backend-Fehler für bfd293bc984446839cf1ff02289068c2.jpg.webp: Status 404 - {""detail"":""Not Found""}",
c2d00215c72147debb7c29a2d155460c-goods.jpeg.webp,error,,,,,"Backend-Fehler für c2d00215c72147debb7c29a2d155460c-goods.jpeg.webp: Status 404 - {""detail"":""Not Found""}",
c44554cb-fe0c-40f9-a7d1-457e6c8b6d93.jpg.webp,error,,,,,"Backend-Fehler für c44554cb-fe0c-40f9-a7d1-457e6c8b6d93.jpg.webp: Status 404 - {""detail"":""Not Found""}",
c50bdc2444c4460db834655f1924335e.jpg.webp,error,,,,,"Backend-Fehler für c50bdc2444c4460db834655f1924335e.jpg.webp: Status 404 - {""detail"":""Not Found""}",
ca94614dd5afbdc5549e1dccebddf5bc.jpg.webp,error,,,,,"Backend-Fehler für ca94614dd5afbdc5549e1dccebddf5bc.jpg.webp: Status 404 - {""detail"":""Not Found""}",
cb264802-d9ab-46d6-91d3-b4131c06348c.jpg.webp,error,,,,,"Backend-Fehler für cb264802-d9ab-46d6-91d3-b4131c06348c.jpg.webp: Status 404 - {""detail"":""Not Found""}",
cdb8314a3da44a60921ff40ff7d71f88.jpg.webp,error,,,,,"Backend-Fehler für cdb8314a3da44a60921ff40ff7d71f88.jpg.webp: Status 404 - {""detail"":""Not Found""}",
ceab3bc1-a552-44da-8eb6-b5de35564895.jpg.webp,error,,,,,"Backend-Fehler für ceab3bc1-a552-44da-8eb6-b5de35564895.jpg.webp: Status 404 - {""detail"":""Not Found""}",
cf63fd9f-7a84-4cbf-9657-915388801fe1_1000x1000.png.webp,error,,,,,"Backend-Fehler für cf63fd9f-7a84-4cbf-9657-915388801fe1_1000x1000.png.webp: Status 404 - {""detail"":""Not Found""}",
d0b56c801c6c42eab4a5565949e371cc-goods.jpeg.webp,error,,,,,"Backend-Fehler für d0b56c801c6c42eab4a5565949e371cc-goods.jpeg.webp: Status 404 - {""detail"":""Not Found""}",
d15da801-f18b-4354-b2c6-8fac5aba5c50.jpeg.webp,error,,,,,"Backend-Fehler für d15da801-f18b-4354-b2c6-8fac5aba5c50.jpeg.webp: Status 404 - {""detail"":""Not Found""}",
d29b6f8b532c465bb315dd7caae4c158-goods.jpeg.webp,error,,,,,"Backend-Fehler für d29b6f8b532c465bb315dd7caae4c158-goods.jpeg.webp: Status 404 - {""detail"":""Not Found""}",
d413ce29-65d8-433d-88d1-0c3b41973682.jpg.webp,error,,,,,"Backend-Fehler für d413ce29-65d8-433d-88d1-0c3b41973682.jpg.webp: Status 404 - {""detail"":""Not Found""}",
d5be5997-bef5-45f5-860b-e0cb4ead5e13.jpg.webp,error,,,,,"Backend-Fehler für d5be5997-bef5-45f5-860b-e0cb4ead5e13.jpg.webp: Status 404 - {""detail"":""Not Found""}",
d697afac-b173-4870-bf15-970ed44c7aec.jpg.webp,error,,,,,"Backend-Fehler für d697afac-b173-4870-bf15-970ed44c7aec.jpg.webp: Status 404 - {""detail"":""Not Found""}",
d80e6e80fe1a46ec87ff02afb7277cac.jpg.webp,error,,,,,"Backend-Fehler für d80e6e80fe1a46ec87ff02afb7277cac.jpg.webp: Status 404 - {""detail"":""Not Found""}",
d81fc37a-d5b8-4904-8271-ce0fd1aa4a21.jpg.webp,error,,,,,"Backend-Fehler für d81fc37a-d5b8-4904-8271-ce0fd1aa4a21.jpg.webp: Status 404 - {""detail"":""Not Found""}",
d9b016b0-d8d3-421a-81e6-26633e9833bc.jpg.webp,error,,,,,"Backend-Fehler für d9b016b0-d8d3-421a-81e6-26633e9833bc.jpg.webp: Status 404 - {""detail"":""Not Found""}",
dc8b6e6b-96a7-43e2-aca8-94213bd0a263.jpeg.webp,error,,,,,"Backend-Fehler für dc8b6e6b-96a7-43e2-aca8-94213bd0a263.jpeg.webp: Status 404 - {""detail"":""Not Found""}",
dca03f57-cca4-46ea-8d02-43d793e4134c.jpg.webp,error,,,,,"Backend-Fehler für dca03f57-cca4-46ea-8d02-43d793e4134c.jpg.webp: Status 404 - {""detail"":""Not Found""}",
de49e6c5-f1d3-41df-8f36-f3c8fa602fea.jpg.webp,error,,,,,"Backend-Fehler für de49e6c5-f1d3-41df-8f36-f3c8fa602fea.jpg.webp: Status 404 - {""detail"":""Not Found""}",
dfca48a5-d777-4e25-9667-5e6292ce93e3.jpg.webp,error,,,,,"Backend-Fehler für dfca48a5-d777-4e25-9667-5e6292ce93e3.jpg.webp: Status 404 - {""detail"":""Not Found""}",
e0f5688b-850f-44ae-94ae-4eeea4a2ea8e.jpg.webp,error,,,,,"Backend-Fehler für e0f5688b-850f-44ae-94ae-4eeea4a2ea8e.jpg.webp: Status 404 - {""detail"":""Not Found""}",
e34fb869-66f4-4f0d-ad2c-62ea96689b18.jpg.webp,error,,,,,"Backend-Fehler für e34fb869-66f4-4f0d-ad2c-62ea96689b18.jpg.webp: Status 404 - {""detail"":""Not Found""}",
e401e882-285f-4686-91f6-ee4ff1e27c4f.jpg.webp,error,,,,,"Backend-Fehler für e401e882-285f-4686-91f6-ee4ff1e27c4f.jpg.webp: Status 404 - {""detail"":""Not Found""}",
ea5182ec-cfc1-4c7a-b487-3258912e4acf.jpg.webp,error,,,,,"Backend-Fehler für ea5182ec-cfc1-4c7a-b487-3258912e4acf.jpg.webp: Status 404 - {""detail"":""Not Found""}",
eacf6453a8c1a4ddcede07e993a33df3.jpg.webp,error,,,,,"Backend-Fehler für eacf6453a8c1a4ddcede07e993a33df3.jpg.webp: Status 404 - {""detail"":""Not Found""}",
f939444d2ffe413189b7333db6051825-goods.jpeg.webp,error,,,,,"Backend-Fehler für f939444d2ffe413189b7333db6051825-goods.jpeg.webp: Status 404 - {""detail"":""Not Found""}",
fe546ea6-9677-4af9-bb27-bbedd9fdb421_1600x1600.jpeg.format.jpg.webp,error,,,,,"Backend-Fehler für fe546ea6-9677-4af9-bb27-bbedd9fdb421_1600x1600.jpeg.format.jpg.webp: Status 404 - {""detail"":""Not Found""}",
ffc99c49-23c1-4df4-abc2-c9c0f7f8e777.jpg.webp,error,,,,,"Backend-Fehler für ffc99c49-23c1-4df4-abc2-c9c0f7f8e777.jpg.webp: Status 404 - {""detail"":""Not Found""}",
sol_318-0130-0211_pic1_1.jpg,error,,,,,"Backend-Fehler für sol_318-0130-0211_pic1_1.jpg: Status 404 - {""detail"":""Not Found""}",
sol_318-0225-0111_pic1_1.jpg,error,,,,,"Backend-Fehler für sol_318-0225-0111_pic1_1.jpg: Status 404 - {""detail"":""Not Found""}",
sol_318-0240-0311_pic1_1.jpg,error,,,,,"Backend-Fehler für sol_318-0240-0311_pic1_1.jpg: Status 404 - {""detail"":""Not Found""}",
sol_318-0254-0111_pic1_1.jpg,error,,,,,"Backend-Fehler für sol_318-0254-0111_pic1_1.jpg: Status 404 - {""detail"":""Not Found""}",
sol_404-0014_pic1_1.jpg,error,,,,,"Backend-Fehler für sol_404-0014_pic1_1.jpg: Status 404 - {""detail"":""Not Found""}",
sol_404-0191-0111_pic1_1.jpg,error,,,,,"Backend-Fehler für sol_404-0191-0111_pic1_1.jpg: Status 404 - {""detail"":""Not Found""}",
